<?xml version="1.0" encoding="UTF-8"?>
<project-private xmlns="http://www.netbeans.org/ns/project-private/1">
    <editor-bookmarks xmlns="http://www.netbeans.org/ns/editor-bookmarks/2" lastBookmarkId="0"/>
    <open-files xmlns="http://www.netbeans.org/ns/projectui-open-files/2">
        <group>
            <file>file:/C:/cygwin64/home/Ronald/Personal/CSE219/HWs/hw1/SimpleAppFramework/SimpleAppFramework/src/saf/controller/AppFileController.java</file>
            <file>file:/C:/cygwin64/home/Ronald/Personal/CSE219/HWs/hw1/SimpleAppFramework/SimpleAppFramework/src/saf/components/AppFileComponent.java</file>
            <file>file:/C:/cygwin64/home/Ronald/Personal/CSE219/HWs/hw1/SimpleAppFramework/SimpleAppFramework/src/saf/AppTemplate.java</file>
            <file>file:/C:/cygwin64/home/Ronald/Personal/CSE219/HWs/hw1/SimpleAppFramework/SimpleAppFramework/src/saf/ui/AppMessageDialogSingleton.java</file>
            <file>file:/C:/cygwin64/home/Ronald/Personal/CSE219/HWs/hw1/SimpleAppFramework/SimpleAppFramework/src/saf/ui/AppGUI.java</file>
        </group>
    </open-files>
</project-private>
